[
	{
		"inputs": [
			{
				"internalType": "address",
				"name": "_daiAddress",
				"type": "address"
			},
			{
				"internalType": "address",
				"name": "_brlxAddress",
				"type": "address"
			}
		],
		"payable": false,
		"stateMutability": "nonpayable",
		"type": "constructor"
	},
	{
		"anonymous": false,
		"inputs": [
			{
				"indexed": true,
				"internalType": "bytes32",
				"name": "id",
				"type": "bytes32"
			}
		],
		"name": "ChainlinkCancelled",
		"type": "event"
	},
	{
		"anonymous": false,
		"inputs": [
			{
				"indexed": true,
				"internalType": "bytes32",
				"name": "id",
				"type": "bytes32"
			}
		],
		"name": "ChainlinkFulfilled",
		"type": "event"
	},
	{
		"anonymous": false,
		"inputs": [
			{
				"indexed": true,
				"internalType": "bytes32",
				"name": "id",
				"type": "bytes32"
			}
		],
		"name": "ChainlinkRequested",
		"type": "event"
	},
	{
		"anonymous": false,
		"inputs": [
			{
				"indexed": true,
				"internalType": "address",
				"name": "user",
				"type": "address"
			},
			{
				"indexed": false,
				"internalType": "uint32",
				"name": "vaultId",
				"type": "uint32"
			}
		],
		"name": "NewVault",
		"type": "event"
	},
	{
		"anonymous": false,
		"inputs": [
			{
				"indexed": true,
				"internalType": "address",
				"name": "previousOwner",
				"type": "address"
			},
			{
				"indexed": true,
				"internalType": "address",
				"name": "newOwner",
				"type": "address"
			}
		],
		"name": "OwnershipTransferred",
		"type": "event"
	},
	{
		"anonymous": false,
		"inputs": [
			{
				"indexed": true,
				"internalType": "bytes32",
				"name": "requestId",
				"type": "bytes32"
			},
			{
				"indexed": true,
				"internalType": "uint256",
				"name": "price",
				"type": "uint256"
			}
		],
		"name": "RequestRealUsdPriceFulfilled",
		"type": "event"
	},
	{
		"constant": true,
		"inputs": [],
		"name": "brlxAddress",
		"outputs": [
			{
				"internalType": "address",
				"name": "",
				"type": "address"
			}
		],
		"payable": false,
		"stateMutability": "view",
		"type": "function"
	},
	{
		"constant": true,
		"inputs": [
			{
				"internalType": "uint256",
				"name": "daiTokens",
				"type": "uint256"
			}
		],
		"name": "calculateAmount",
		"outputs": [
			{
				"internalType": "uint256",
				"name": "",
				"type": "uint256"
			},
			{
				"internalType": "uint256",
				"name": "",
				"type": "uint256"
			},
			{
				"internalType": "uint256",
				"name": "",
				"type": "uint256"
			}
		],
		"payable": false,
		"stateMutability": "view",
		"type": "function"
	},
	{
		"constant": false,
		"inputs": [
			{
				"internalType": "bytes32",
				"name": "_requestId",
				"type": "bytes32"
			},
			{
				"internalType": "uint256",
				"name": "_payment",
				"type": "uint256"
			},
			{
				"internalType": "bytes4",
				"name": "_callbackFunctionId",
				"type": "bytes4"
			},
			{
				"internalType": "uint256",
				"name": "_expiration",
				"type": "uint256"
			}
		],
		"name": "cancelRequest",
		"outputs": [],
		"payable": false,
		"stateMutability": "nonpayable",
		"type": "function"
	},
	{
		"constant": true,
		"inputs": [],
		"name": "changeDay",
		"outputs": [
			{
				"internalType": "int256",
				"name": "",
				"type": "int256"
			}
		],
		"payable": false,
		"stateMutability": "view",
		"type": "function"
	},
	{
		"constant": true,
		"inputs": [],
		"name": "currentPrice",
		"outputs": [
			{
				"internalType": "uint256",
				"name": "",
				"type": "uint256"
			}
		],
		"payable": false,
		"stateMutability": "view",
		"type": "function"
	},
	{
		"constant": true,
		"inputs": [],
		"name": "daiAddress",
		"outputs": [
			{
				"internalType": "address",
				"name": "",
				"type": "address"
			}
		],
		"payable": false,
		"stateMutability": "view",
		"type": "function"
	},
	{
		"constant": false,
		"inputs": [
			{
				"internalType": "bytes32",
				"name": "_requestId",
				"type": "bytes32"
			},
			{
				"internalType": "uint256",
				"name": "_price",
				"type": "uint256"
			}
		],
		"name": "fulfillRealUsdPrice",
		"outputs": [],
		"payable": false,
		"stateMutability": "nonpayable",
		"type": "function"
	},
	{
		"constant": true,
		"inputs": [],
		"name": "getChainlinkToken",
		"outputs": [
			{
				"internalType": "address",
				"name": "",
				"type": "address"
			}
		],
		"payable": false,
		"stateMutability": "view",
		"type": "function"
	},
	{
		"constant": true,
		"inputs": [
			{
				"internalType": "address",
				"name": "userAddress",
				"type": "address"
			}
		],
		"name": "getVaultsId",
		"outputs": [
			{
				"components": [
					{
						"internalType": "uint256",
						"name": "amountLockedDai",
						"type": "uint256"
					},
					{
						"internalType": "uint256",
						"name": "amountBrlxMint",
						"type": "uint256"
					},
					{
						"internalType": "uint256",
						"name": "priceBrlxUsd",
						"type": "uint256"
					},
					{
						"internalType": "enum BRL_USD_Consumer.VaultStatus",
						"name": "status",
						"type": "uint8"
					},
					{
						"internalType": "address",
						"name": "owner",
						"type": "address"
					},
					{
						"internalType": "uint32",
						"name": "id",
						"type": "uint32"
					}
				],
				"internalType": "struct BRL_USD_Consumer.LockedVault[]",
				"name": "",
				"type": "tuple[]"
			}
		],
		"payable": false,
		"stateMutability": "view",
		"type": "function"
	},
	{
		"constant": true,
		"inputs": [],
		"name": "isOwner",
		"outputs": [
			{
				"internalType": "bool",
				"name": "",
				"type": "bool"
			}
		],
		"payable": false,
		"stateMutability": "view",
		"type": "function"
	},
	{
		"constant": true,
		"inputs": [],
		"name": "lastMarket",
		"outputs": [
			{
				"internalType": "bytes32",
				"name": "",
				"type": "bytes32"
			}
		],
		"payable": false,
		"stateMutability": "view",
		"type": "function"
	},
	{
		"constant": false,
		"inputs": [
			{
				"internalType": "uint256",
				"name": "daiTokens",
				"type": "uint256"
			}
		],
		"name": "mintBrlx",
		"outputs": [],
		"payable": false,
		"stateMutability": "nonpayable",
		"type": "function"
	},
	{
		"constant": true,
		"inputs": [],
		"name": "owner",
		"outputs": [
			{
				"internalType": "address",
				"name": "",
				"type": "address"
			}
		],
		"payable": false,
		"stateMutability": "view",
		"type": "function"
	},
	{
		"constant": false,
		"inputs": [
			{
				"internalType": "address",
				"name": "_oracle",
				"type": "address"
			},
			{
				"internalType": "string",
				"name": "_jobId",
				"type": "string"
			}
		],
		"name": "requestRealUsdPrice",
		"outputs": [],
		"payable": false,
		"stateMutability": "nonpayable",
		"type": "function"
	},
	{
		"constant": false,
		"inputs": [
			{
				"internalType": "address",
				"name": "newOwner",
				"type": "address"
			}
		],
		"name": "transferOwnership",
		"outputs": [],
		"payable": false,
		"stateMutability": "nonpayable",
		"type": "function"
	},
	{
		"constant": false,
		"inputs": [],
		"name": "withdrawLink",
		"outputs": [],
		"payable": false,
		"stateMutability": "nonpayable",
		"type": "function"
	},
	{
		"constant": false,
		"inputs": [
			{
				"internalType": "uint32",
				"name": "vaultId",
				"type": "uint32"
			}
		],
		"name": "withdrawnDai",
		"outputs": [],
		"payable": false,
		"stateMutability": "nonpayable",
		"type": "function"
	}
]